created_at,entry_id,field1,field2,field3,field4,field5,field6,latitude,longitude,elevation,status
2023-04-27T20:36:41+05:30,1,0,0,156,1,0,0,,,29,0
2023-04-27T20:37:18+05:30,2,476,395,470,516,504,413,,,462.3333333,0
2023-04-27T20:37:33+05:30,3,0,50,3,0,24,26,,,17.16666667,0
2023-04-27T20:37:50+05:30,4,619,265,657,641,432,438,,,508.6666667,1
2023-05-05T17:44:41+05:30,5,2,2,2,2,2,2,,,2,0
2023-05-05T17:44:56+05:30,6,1,2,1,1,1,1,,,1.166666667,0
2023-05-05T17:46:35+05:30,7,0,0,0,0,0,0,,,0,0
2023-05-05T17:47:43+05:30,8,639,432,524,330,537,229,,,448.5,0
2023-05-05T17:47:58+05:30,9,597,603,598,604,608,593,,,600.5,1
2023-05-05T17:48:29+05:30,10,642,1,537,591,321,237,,,388.1666667,0
2023-05-05T17:48:50+05:30,11,169,3,190,181,77,90,,,118.3333333,0
2023-05-05T17:49:05+05:30,12,482,374,0,253,413,62,,,264,0
2023-05-05T17:50:09+05:30,13,212,0,561,435,204,315,,,287.8333333,0
2023-05-05T17:50:31+05:30,14,471,348,467,456,247,216,,,367.5,0
2023-05-05T17:51:46+05:30,15,254,207,2,119,127,14,,,120.5,0
2023-05-05T17:52:37+05:30,16,132,0,0,65,65,1,,,43.83333333,0
2023-05-05T17:53:18+05:30,17,198,1,6,121,170,74,,,95,0
2023-05-05T17:53:50+05:30,18,325,246,6,199,398,464,,,273,0
2023-05-05T17:55:08+05:30,19,2,2,3,6,3,0,,,2.666666667,0
2023-05-05T17:55:56+05:30,20,1,4,4,2,0,0,,,1.833333333,0
2023-05-05T17:56:29+05:30,21,0,1,3,8,3,5,,,3.333333333,0
2023-05-05T17:57:28+05:30,22,130,4,3,67,64,5,,,45.5,0
2023-05-05T17:57:43+05:30,23,174,5,9,94,95,1,,,63,0
2023-05-05T17:58:42+05:30,24,0,5,0,5,1,2,,,2.166666667,0
2023-05-05T17:59:22+05:30,25,4,4,4,4,3,4,,,3.833333333,0
2023-05-05T18:00:29+05:30,26,4,4,4,3,3,3,,,3.5,0
2023-05-05T18:00:45+05:30,27,3,4,4,3,3,3,,,3.333333333,0
2023-05-05T18:01:03+05:30,28,3,4,4,3,3,3,,,3.333333333,0
2023-05-05T18:01:57+05:30,29,2,3,3,4,4,3,,,3.166666667,0
2023-05-05T18:04:20+05:30,30,3,3,3,4,3,3,,,3.166666667,0
2023-05-05T18:04:59+05:30,31,4,3,3,3,3,3,,,3.166666667,0
2023-05-05T18:05:54+05:30,32,3,3,4,3,0,0,,,2.166666667,0
2023-05-05T18:08:33+05:30,33,4,4,3,3,3,4,,,3.5,0
2023-05-05T18:09:25+05:30,34,3,4,3,3,3,3,,,3.166666667,0
2023-05-06T12:53:09+05:30,35,3,2,2,1,2,2,,,2,0
2023-05-06T12:54:26+05:30,36,0,0,0,0,0,0,,,0,0
2023-05-06T12:54:44+05:30,37,0,0,0,0,3,0,,,0.5,0
2023-05-06T12:54:59+05:30,38,653,0,653,653,326,325,,,435,0
2023-05-06T12:55:22+05:30,39,606,613,522,560,610,544,,,575.8333333,1
2023-05-06T12:59:16+05:30,40,0,0,0,2,0,0,,,0.333333333,0
2023-05-06T13:01:22+05:30,41,0,0,0,0,0,0,,,0,0
2023-05-06T13:02:10+05:30,42,0,0,0,0,0,0,,,0,0
2023-05-06T13:03:30+05:30,43,0,0,0,0,0,0,,,0,0
2023-05-06T13:04:23+05:30,44,0,0,0,0,0,0,,,0,0
2023-05-06T13:04:39+05:30,45,0,0,0,0,0,0,,,0,0
2023-05-06T13:05:39+05:30,46,0,0,0,0,0,0,,,0,0
2023-05-06T13:06:07+05:30,47,0,0,0,0,0,0,,,0,0
2023-05-06T13:06:23+05:30,48,0,561,0,0,288,291,,,190,0
2023-05-06T13:08:57+05:30,49,0,0,0,0,0,0,,,0,0
2023-05-06T13:32:31+05:30,50,4,4,4,4,4,4,,,4,0
2023-05-06T13:33:21+05:30,51,0,491,496,247,193,377,,,300.6666667,0
2023-05-06T13:34:16+05:30,52,0,0,0,0,0,0,,,0,0
2023-05-07T16:10:03+05:30,53,0,0,0,0,0,0,,,0,0
2023-05-07T16:10:38+05:30,54,0,0,0,6,6,6,,,3,0
2023-05-07T16:12:22+05:30,55,577,489,526,551,534,506,,,530.5,1
2023-05-07T16:12:39+05:30,56,606,178,563,592,483,478,,,483.3333333,0
2023-05-07T16:13:06+05:30,57,631,594,507,566,612,529,,,573.1666667,1
2023-05-07T16:13:49+05:30,58,622,522,598,611,568,554,,,579.1666667,1
2023-05-07T16:14:12+05:30,59,0,0,324,161,0,161,,,107.6666667,0
2023-05-07T16:14:48+05:30,60,562,469,485,515,481,314,,,471,0
2023-05-07T16:15:28+05:30,61,618,595,333,472,607,451,,,512.6666667,1
2023-05-07T16:16:00+05:30,62,631,551,558,595,592,557,,,580.6666667,1
2023-05-07T16:16:15+05:30,63,403,609,552,480,513,581,,,523,1
2023-05-07T16:16:31+05:30,64,612,574,612,613,594,594,,,599.8333333,1
2023-05-07T16:16:47+05:30,65,607,600,620,615,605,611,,,609.6666667,1
2023-05-07T16:17:03+05:30,66,405,609,615,510,507,612,,,543,1
2023-05-07T16:17:19+05:30,67,587,558,423,512,577,518,,,529.1666667,1
2023-05-07T16:18:07+05:30,68,0,0,287,143,0,135,,,94.16666667,0
2023-05-07T16:18:25+05:30,69,598,572,157,386,585,399,,,449.5,0
2023-05-07T16:18:43+05:30,70,616,556,635,627,586,597,,,602.8333333,1
2023-05-07T16:19:18+05:30,71,634,600,640,637,617,619,,,624.5,1
2023-05-07T16:19:47+05:30,72,614,507,629,622,561,569,,,583.6666667,1
2023-05-07T16:20:03+05:30,73,608,496,598,602,552,545,,,566.8333333,1
2023-05-07T16:20:32+05:30,74,598,419,591,600,518,519,,,540.8333333,1
2023-05-07T16:20:48+05:30,75,590,463,558,581,528,521,,,540.1666667,1
2023-05-07T16:21:03+05:30,76,613,492,611,612,549,541,,,569.6666667,1
2023-05-07T16:21:30+05:30,77,595,520,601,600,563,571,,,575,1
2023-05-07T16:21:45+05:30,78,6,6,368,192,6,194,,,128.6666667,0
2023-05-07T16:22:31+05:30,79,622,595,629,626,604,608,,,614,1
2023-05-07T16:22:47+05:30,80,624,564,579,586,590,527,,,578.3333333,1
2023-05-07T16:23:03+05:30,81,623,589,636,630,607,617,,,617,1
2023-05-07T16:23:22+05:30,82,573,6,487,525,283,229,,,350.5,0
2023-05-07T16:23:40+05:30,83,412,210,287,351,365,297,,,320.3333333,0
2023-05-07T16:24:10+05:30,84,495,271,0,246,387,148,,,257.8333333,0
2023-05-07T16:25:03+05:30,85,613,525,594,585,537,428,,,547,1
2023-05-07T16:25:20+05:30,86,555,441,0,278,500,220,,,332.3333333,0
2023-05-07T16:25:44+05:30,87,583,333,424,529,521,490,,,480,0
2023-05-07T16:26:02+05:30,88,476,334,412,445,408,372,,,407.8333333,0
2023-05-07T16:26:21+05:30,89,564,375,576,570,473,479,,,506.1666667,1
2023-05-07T16:26:37+05:30,90,598,454,497,556,581,561,,,541.1666667,1
2023-05-07T16:27:01+05:30,91,0,0,0,5,5,5,,,2.5,0
2023-05-07T16:27:20+05:30,92,560,5,503,508,248,153,,,329.5,0
2023-05-07T16:28:01+05:30,93,269,0,5,141,141,6,,,93.66666667,0
2023-05-07T16:28:17+05:30,94,0,0,0,0,0,0,,,0,0
2023-05-07T16:28:53+05:30,95,469,370,364,468,500,484,,,442.5,0
2023-05-07T16:29:13+05:30,96,599,570,580,596,603,595,,,590.5,1
2023-05-07T16:29:32+05:30,97,592,390,488,558,549,538,,,519.1666667,1
2023-05-07T16:29:48+05:30,98,482,6,352,416,246,185,,,281.1666667,0
2023-05-07T16:30:03+05:30,99,556,368,492,522,455,417,,,468.3333333,0
2023-05-07T16:30:21+05:30,100,449,9,9,228,202,9,,,151,0
2023-05-07T16:30:57+05:30,101,514,231,432,468,364,322,,,388.5,0
2023-05-07T16:31:13+05:30,102,544,342,467,505,440,401,,,449.8333333,0
2023-05-07T16:31:35+05:30,103,579,593,522,563,586,592,,,572.5,1
2023-05-07T16:31:59+05:30,104,527,474,258,369,430,161,,,369.8333333,0
2023-05-07T16:32:50+05:30,105,576,345,0,288,463,174,,,307.6666667,0
2023-05-07T16:33:05+05:30,106,438,428,0,236,462,376,,,323.3333333,0
2023-05-07T16:33:23+05:30,107,543,520,427,487,544,482,,,500.5,1
2023-05-07T16:33:39+05:30,108,601,518,149,431,559,433,,,448.5,0
2023-05-07T16:33:56+05:30,109,523,238,1,260,377,116,,,252.5,0
2023-05-07T16:34:12+05:30,110,560,443,420,503,511,515,,,492,0
2023-05-07T16:34:30+05:30,111,638,604,637,639,622,623,,,627.1666667,1
2023-05-07T16:34:53+05:30,112,522,390,10,267,461,201,,,308.5,0
2023-05-07T16:35:22+05:30,113,632,616,637,629,614,584,,,618.6666667,1
2023-05-07T16:35:37+05:30,114,501,383,222,325,391,265,,,347.8333333,0
2023-05-07T16:36:04+05:30,115,627,532,603,623,589,598,,,595.3333333,1
2023-05-07T16:36:32+05:30,116,622,437,553,609,570,588,,,563.1666667,1
2023-05-07T16:36:47+05:30,117,522,290,0,271,438,176,,,282.8333333,0
2023-05-07T16:37:05+05:30,118,515,338,0,262,443,174,,,288.6666667,0
2023-05-07T16:37:20+05:30,119,614,413,574,566,475,229,,,478.5,0
2023-05-07T16:37:38+05:30,120,624,620,574,606,630,631,,,614.1666667,1
2023-05-07T16:38:10+05:30,121,636,600,621,616,606,530,,,601.5,1
2023-05-07T16:39:03+05:30,122,0,0,0,0,0,0,,,0,0
2023-05-07T16:39:19+05:30,123,608,523,554,587,573,555,,,566.6666667,1
2023-05-07T16:39:42+05:30,124,625,539,304,463,582,390,,,483.8333333,0
2023-05-07T16:40:12+05:30,125,540,535,301,267,531,263,,,406.1666667,0
2023-05-07T16:40:47+05:30,126,614,586,625,620,593,589,,,604.5,1
2023-05-07T16:41:12+05:30,127,0,0,0,0,0,0,,,0,0
2023-05-07T16:41:27+05:30,128,583,474,0,291,528,236,,,352,0
2023-05-07T16:41:46+05:30,129,0,463,0,4,215,193,,,145.8333333,0
2023-05-07T16:42:01+05:30,130,637,583,616,625,608,584,,,608.8333333,1
2023-05-07T16:42:25+05:30,131,613,489,598,605,555,521,,,563.5,1
2023-05-07T16:42:41+05:30,132,549,373,0,276,468,198,,,310.6666667,0
2023-05-07T16:43:01+05:30,133,588,523,526,570,579,563,,,558.1666667,1
2023-05-07T16:43:54+05:30,134,614,517,622,617,558,557,,,580.8333333,1
2023-05-07T16:44:10+05:30,135,0,0,319,157,0,167,,,107.1666667,0
2023-05-07T16:44:31+05:30,136,592,520,628,614,572,596,,,587,1
2023-05-07T16:44:49+05:30,137,557,217,545,513,251,156,,,373.1666667,0
2023-05-07T16:45:05+05:30,138,580,315,0,290,446,203,,,305.6666667,0
2023-05-07T16:45:21+05:30,139,0,0,570,285,0,284,,,189.8333333,0
2023-05-07T16:45:44+05:30,140,105,0,209,110,0,62,,,81,0
2023-05-07T16:46:58+05:30,141,0,0,0,0,0,0,,,0,0
2023-05-07T16:47:14+05:30,142,0,0,0,13,49,0,,,10.33333333,0
2023-05-07T16:47:33+05:30,143,0,0,282,217,104,263,,,144.3333333,0
2023-05-07T16:47:52+05:30,144,510,525,577,541,509,524,,,531,1
2023-05-07T16:48:48+05:30,145,0,0,484,237,0,235,,,159.3333333,0
2023-05-07T16:49:16+05:30,146,495,0,0,251,263,0,,,168.1666667,0
2023-05-07T16:50:22+05:30,147,0,0,478,233,0,240,,,158.5,0
2023-05-07T16:50:49+05:30,148,556,148,566,563,360,357,,,425,0
2023-05-07T16:51:20+05:30,149,608,455,584,597,536,521,,,550.1666667,1
2023-05-07T16:51:57+05:30,150,611,598,597,600,591,558,,,592.5,1
2023-05-07T16:52:31+05:30,151,428,419,487,485,484,496,,,466.5,0
2023-05-07T16:53:11+05:30,152,560,485,591,575,522,538,,,545.1666667,1
2023-05-07T16:53:27+05:30,153,543,468,584,563,507,527,,,532,1
2023-05-07T16:53:50+05:30,154,618,601,552,584,611,581,,,591.1666667,1
2023-05-07T16:54:06+05:30,155,225,369,474,346,293,376,,,347.1666667,0
2023-05-07T16:54:29+05:30,156,635,596,423,534,617,512,,,552.8333333,1
2023-05-07T16:54:47+05:30,157,558,444,547,553,501,496,,,516.5,1
2023-05-07T16:56:27+05:30,158,574,205,442,489,267,300,,,379.5,0
2023-05-07T16:56:45+05:30,159,612,518,591,605,587,581,,,582.3333333,1
2023-05-07T16:57:13+05:30,160,0,311,11,83,204,232,,,140.1666667,0
2023-05-07T16:57:31+05:30,161,5,5,5,5,4,4,,,4.666666667,0
2023-05-07T16:58:04+05:30,162,0,0,354,178,0,199,,,121.8333333,0
2023-05-07T16:58:22+05:30,163,594,590,583,585,545,482,,,563.1666667,1
2023-05-07T16:58:40+05:30,164,616,554,577,597,589,572,,,584.1666667,1
2023-05-07T16:58:58+05:30,165,526,250,244,345,346,5,,,286,0
2023-05-07T16:59:20+05:30,166,417,0,0,179,163,0,,,126.5,0
2023-05-07T16:59:40+05:30,167,620,552,610,615,590,582,,,594.8333333,1
2023-05-07T17:00:51+05:30,168,561,547,612,585,551,573,,,571.5,1
2023-05-07T17:01:55+05:30,169,534,571,602,562,540,552,,,560.1666667,1
2023-05-07T17:02:11+05:30,170,607,501,585,602,574,566,,,572.5,1
2023-05-07T17:02:42+05:30,171,194,0,166,171,80,97,,,118,0
2023-05-07T17:03:12+05:30,172,490,5,585,558,471,542,,,441.8333333,0
2023-05-07T17:03:31+05:30,173,273,0,473,437,226,432,,,306.8333333,0
2023-05-07T17:04:48+05:30,174,0,0,0,0,0,0,,,0,0
2023-05-07T17:06:00+05:30,175,621,485,560,580,546,491,,,547.1666667,1
2023-05-07T17:06:16+05:30,176,625,611,610,620,620,614,,,616.6666667,1
2023-05-07T17:07:08+05:30,177,116,476,121,78,289,297,,,229.5,0
2023-05-07T17:07:26+05:30,178,602,554,374,528,591,554,,,533.8333333,1
2023-05-07T17:07:56+05:30,179,565,502,270,433,538,425,,,455.5,0
2023-05-07T17:08:36+05:30,180,465,0,322,398,235,147,,,261.1666667,0
2023-05-07T17:08:55+05:30,181,611,588,621,618,606,612,,,609.3333333,1
2023-05-07T17:09:14+05:30,182,279,246,260,274,144,102,,,217.5,0
2023-05-07T17:09:33+05:30,183,527,481,573,547,478,478,,,514,1
2023-05-07T17:09:51+05:30,184,594,591,539,556,557,518,,,559.1666667,1
2023-05-07T17:10:28+05:30,185,342,5,420,383,178,214,,,257,0
2023-05-07T17:10:46+05:30,186,4,6,168,101,4,111,,,65.66666667,0
2023-05-07T17:11:16+05:30,187,614,559,603,609,588,582,,,592.5,1
2023-05-07T17:11:33+05:30,188,0,0,0,0,0,0,,,0,0
2023-05-07T17:11:49+05:30,189,447,260,0,223,353,129,,,235.3333333,0
2023-05-07T17:12:22+05:30,190,311,5,58,155,74,122,,,120.8333333,0
2023-05-07T17:12:38+05:30,191,598,40,500,549,323,274,,,380.6666667,0
2023-05-07T17:12:54+05:30,192,597,33,451,511,296,208,,,349.3333333,0
2023-05-07T17:13:13+05:30,193,591,93,529,561,345,315,,,405.6666667,0
2023-05-07T17:13:42+05:30,194,482,304,183,347,384,226,,,321,0
2023-05-07T17:13:58+05:30,195,617,554,597,608,583,571,,,588.3333333,1
2023-05-07T17:14:13+05:30,196,538,0,594,570,321,304,,,387.8333333,0
2023-05-07T17:14:32+05:30,197,523,98,503,516,348,349,,,389.5,0
2023-05-07T17:14:48+05:30,198,622,155,378,500,383,258,,,382.6666667,0
2023-05-07T17:15:06+05:30,199,376,5,386,362,180,228,,,256.1666667,0
2023-05-07T17:15:24+05:30,200,600,165,391,508,388,305,,,392.8333333,0
2023-05-07T17:15:43+05:30,201,0,0,0,0,0,0,,,0,0
2023-05-07T17:16:51+05:30,202,420,0,0,216,222,0,,,143,0
2023-05-07T17:17:32+05:30,203,571,0,535,562,290,288,,,374.3333333,0
2023-05-07T17:18:25+05:30,204,552,501,0,276,534,259,,,353.6666667,0
2023-05-07T17:18:49+05:30,205,559,619,609,581,586,612,,,594.3333333,1
2023-05-07T17:19:05+05:30,206,5,472,526,275,240,519,,,339.5,0
2023-05-07T17:19:20+05:30,207,480,615,620,551,546,617,,,571.5,1
2023-05-07T17:19:38+05:30,208,570,623,628,599,597,626,,,607.1666667,1
2023-05-07T17:20:02+05:30,209,519,569,579,547,529,546,,,548.1666667,1
2023-05-07T17:20:26+05:30,210,547,581,589,569,567,595,,,574.6666667,1
2023-05-07T17:20:41+05:30,211,542,491,73,326,522,432,,,397.6666667,0
2023-05-07T17:21:08+05:30,212,548,486,480,481,509,331,,,472.5,0
2023-05-07T17:21:40+05:30,213,508,582,554,529,545,565,,,547.1666667,1
2023-05-07T17:22:09+05:30,214,0,0,0,0,0,0,,,0,0
2023-05-07T17:22:25+05:30,215,606,589,601,606,599,605,,,601,1
2023-05-07T17:23:05+05:30,216,619,448,598,611,540,532,,,558,1
2023-05-07T17:23:46+05:30,217,519,0,449,494,452,475,,,398.1666667,0
2023-05-07T17:24:04+05:30,218,615,450,558,577,497,454,,,525.1666667,1
2023-05-07T17:24:19+05:30,219,621,541,562,592,601,573,,,581.6666667,1
2023-05-07T17:25:46+05:30,220,5,5,5,0,0,0,,,2.5,0
2023-05-07T17:27:30+05:30,221,616,461,561,592,548,527,,,550.8333333,1
2023-05-07T17:28:07+05:30,222,630,309,526,578,471,420,,,489,0
2023-05-07T17:28:35+05:30,223,4,4,5,4,0,0,,,2.833333333,0
2023-05-07T17:28:51+05:30,224,624,440,597,614,547,536,,,559.6666667,1
2023-05-07T17:29:10+05:30,225,634,0,437,535,317,219,,,357,0
2023-05-07T17:29:27+05:30,226,589,0,538,565,299,282,,,378.8333333,0
2023-05-07T17:29:53+05:30,227,240,5,4,117,120,0,,,81,0
2023-05-07T17:30:09+05:30,228,0,0,0,0,0,0,,,0,0
2023-05-07T17:31:28+05:30,229,0,0,0,0,0,0,,,0,0
2023-05-07T17:32:28+05:30,230,617,564,0,309,470,19,,,329.8333333,0
2023-05-07T17:32:44+05:30,231,627,573,5,314,600,286,,,400.8333333,0
2023-05-07T17:33:00+05:30,232,533,152,0,277,445,188,,,265.8333333,0
2023-05-07T17:33:51+05:30,233,618,610,5,311,615,306,,,410.8333333,0
2023-05-07T17:34:06+05:30,234,575,407,0,291,526,241,,,340,0
2023-05-07T17:34:21+05:30,235,633,613,4,316,624,308,,,416.3333333,0
2023-05-07T17:34:50+05:30,236,626,606,0,322,612,298,,,410.6666667,0
2023-05-07T17:35:08+05:30,237,628,580,4,316,578,240,,,391,0
2023-05-07T17:35:23+05:30,238,533,471,5,254,405,146,,,302.3333333,0
2023-05-07T17:35:47+05:30,239,543,408,0,265,395,147,,,293,0
2023-05-07T17:36:23+05:30,240,415,4,5,211,210,0,,,140.8333333,0
2023-05-07T17:36:47+05:30,241,484,242,0,248,426,187,,,264.5,0
2023-05-07T17:37:22+05:30,242,617,531,0,311,571,263,,,382.1666667,0
2023-05-07T17:37:40+05:30,243,548,365,5,281,494,245,,,323,0
2023-05-07T17:38:38+05:30,244,0,0,0,0,0,0,,,0,0
2023-05-07T17:38:54+05:30,245,453,319,0,227,367,160,,,254.3333333,0
2023-05-07T17:39:11+05:30,246,251,0,0,128,138,0,,,86.16666667,0
2023-05-07T17:39:27+05:30,247,513,274,4,259,400,147,,,266.1666667,0
2023-05-07T17:39:42+05:30,248,239,0,0,122,118,0,,,79.83333333,0
2023-05-07T17:40:02+05:30,249,514,298,0,258,439,192,,,283.5,0
2023-05-07T17:40:17+05:30,250,593,576,0,298,593,297,,,392.8333333,0
2023-05-07T17:40:36+05:30,251,606,607,5,306,610,307,,,406.8333333,0
2023-05-07T17:40:53+05:30,252,576,525,0,280,481,159,,,336.8333333,0
2023-05-07T17:41:11+05:30,253,548,458,0,275,523,253,,,342.8333333,0
2023-05-07T17:41:30+05:30,254,574,525,0,288,559,273,,,369.8333333,0
2023-05-07T17:41:50+05:30,255,572,442,0,287,506,217,,,337.3333333,0
2023-05-07T17:42:05+05:30,256,582,470,5,292,521,236,,,351,0
2023-05-07T17:42:34+05:30,257,520,332,0,251,374,127,,,267.3333333,0
2023-05-07T17:42:52+05:30,258,560,555,5,285,581,300,,,381,0
2023-05-07T17:43:08+05:30,259,607,510,4,299,478,157,,,342.5,0
2023-05-07T17:43:25+05:30,260,578,497,5,292,543,260,,,362.5,0
2023-05-07T17:43:42+05:30,261,513,256,5,259,385,130,,,258,0
2023-05-07T17:43:58+05:30,262,586,477,0,296,576,287,,,370.3333333,0
2023-05-07T17:44:16+05:30,263,395,0,0,209,238,4,,,141,0
2023-05-07T17:44:31+05:30,264,584,581,0,295,596,297,,,392.1666667,0
2023-05-07T17:44:49+05:30,265,611,523,0,301,496,176,,,351.1666667,0
2023-05-07T17:45:05+05:30,266,570,525,0,285,551,264,,,365.8333333,0
2023-05-07T17:45:23+05:30,267,612,589,5,308,575,266,,,392.5,0
2023-05-07T17:45:42+05:30,268,543,552,0,279,589,301,,,377.3333333,0
2023-05-07T17:46:02+05:30,269,434,278,0,219,371,155,,,242.8333333,0
2023-05-07T17:46:37+05:30,270,339,185,0,144,24,0,,,115.3333333,0
2023-05-07T17:47:08+05:30,271,564,573,0,287,584,298,,,384.3333333,0
2023-05-07T17:47:36+05:30,272,429,0,0,238,375,139,,,196.8333333,0
2023-05-07T17:47:55+05:30,273,616,522,0,313,577,270,,,383,0
2023-05-07T17:48:35+05:30,274,609,520,0,309,590,285,,,385.5,0
2023-05-07T17:49:28+05:30,275,616,564,0,308,579,260,,,387.8333333,0
2023-05-07T17:50:24+05:30,276,597,601,0,300,605,302,,,400.8333333,0
2023-05-07T17:50:40+05:30,277,614,559,0,303,541,207,,,370.6666667,0
2023-05-07T17:50:58+05:30,278,625,605,4,313,612,296,,,409.1666667,0
2023-05-07T17:51:28+05:30,279,606,617,0,303,607,301,,,405.6666667,0
2023-05-07T17:52:21+05:30,280,625,598,0,313,609,292,,,406.1666667,0
2023-05-07T17:52:54+05:30,281,581,290,0,297,469,200,,,306.1666667,0
2023-05-07T17:53:23+05:30,282,623,604,0,312,617,303,,,409.8333333,0
2023-05-07T17:53:59+05:30,283,496,348,0,279,510,271,,,317.3333333,0
2023-05-07T17:54:34+05:30,284,483,398,5,257,486,240,,,311.5,0
2023-05-07T17:55:09+05:30,285,627,550,0,314,587,272,,,391.6666667,0
2023-05-07T17:55:39+05:30,286,621,545,0,311,586,274,,,389.5,0
2023-05-07T17:55:55+05:30,287,619,518,4,313,591,287,,,388.6666667,0
2023-05-07T17:56:13+05:30,288,508,4,4,261,263,4,,,174,0
2023-05-07T17:56:46+05:30,289,562,300,4,277,271,0,,,235.6666667,0
2023-05-07T17:57:02+05:30,290,522,333,0,262,439,189,,,290.8333333,0
2023-05-07T17:57:32+05:30,291,607,542,5,304,571,260,,,381.5,0
2023-05-07T17:57:49+05:30,292,478,218,0,244,406,189,,,255.8333333,0
2023-05-07T17:58:09+05:30,293,585,486,0,299,587,290,,,374.5,0
2023-05-07T17:58:37+05:30,294,0,0,0,0,0,0,,,0,0
2023-05-07T17:59:42+05:30,295,622,604,0,311,612,300,,,408.1666667,0
2023-05-07T17:59:58+05:30,296,616,556,0,309,588,278,,,391.1666667,0
2023-05-07T18:00:54+05:30,297,622,576,5,310,540,224,,,379.5,0
2023-05-07T18:01:22+05:30,298,378,0,0,234,323,127,,,177,0
2023-05-07T18:01:39+05:30,299,0,0,0,0,0,0,,,0,0
2023-05-07T18:01:59+05:30,300,292,3,4,144,142,0,,,97.5,0
2023-05-07T18:02:30+05:30,301,0,0,0,4,5,4,,,2.166666667,0
2023-05-07T18:02:46+05:30,302,0,0,0,0,0,0,,,0,0
2023-05-07T18:03:02+05:30,303,0,0,647,323,0,324,,,215.6666667,0
2023-05-07T18:05:48+05:30,304,3,5,625,315,5,315,,,211.3333333,0
2023-05-07T18:06:04+05:30,305,0,0,573,282,0,206,,,176.8333333,0
2023-05-07T18:06:44+05:30,306,0,0,635,315,0,285,,,205.8333333,0
2023-05-07T18:07:04+05:30,307,0,0,472,223,0,199,,,149,0
2023-05-07T18:07:39+05:30,308,0,0,643,321,0,321,,,214.1666667,0
2023-05-07T18:07:55+05:30,309,5,5,634,320,4,318,,,214.3333333,0
2023-05-07T18:08:10+05:30,310,4,5,582,283,0,169,,,173.8333333,0
2023-05-07T18:08:26+05:30,311,4,5,530,281,4,299,,,187.1666667,0
2023-05-07T18:08:46+05:30,312,0,0,562,293,0,310,,,194.1666667,0
2023-05-07T18:09:02+05:30,313,0,0,582,298,0,315,,,199.1666667,0
2023-05-07T18:10:27+05:30,314,0,0,642,321,0,320,,,213.8333333,0
2023-05-07T18:10:43+05:30,315,4,5,579,291,0,290,,,194.8333333,0
2023-05-07T18:11:39+05:30,316,0,0,645,324,0,323,,,215.3333333,0
2023-05-07T18:12:07+05:30,317,0,0,304,152,0,153,,,101.5,0
2023-05-07T18:12:36+05:30,318,0,0,375,189,0,230,,,132.3333333,0
2023-05-07T18:12:55+05:30,319,0,0,504,275,0,301,,,180,0
2023-05-07T18:13:34+05:30,320,5,5,4,4,0,0,,,3,0
2023-05-07T18:13:52+05:30,321,0,378,0,0,212,219,,,134.8333333,0
2023-05-07T18:14:10+05:30,322,4,192,5,5,144,137,,,81.16666667,0
2023-05-07T18:14:46+05:30,323,0,546,0,0,288,293,,,187.8333333,0
2023-05-07T18:15:05+05:30,324,5,630,5,5,318,319,,,213.6666667,0
2023-05-07T18:15:21+05:30,325,4,478,4,4,254,283,,,171.1666667,0
2023-05-07T18:15:37+05:30,326,0,617,0,0,311,311,,,206.5,0
2023-05-07T18:15:53+05:30,327,5,616,5,5,309,308,,,208,0
2023-05-07T18:16:13+05:30,328,0,560,0,0,278,277,,,185.8333333,0
2023-05-07T18:16:28+05:30,329,4,261,4,5,139,152,,,94.16666667,0
2023-05-07T18:16:56+05:30,330,5,558,5,5,293,298,,,194,0
2023-05-07T18:17:12+05:30,331,0,490,0,0,245,244,,,163.1666667,0
2023-05-07T18:17:43+05:30,332,0,529,0,0,264,264,,,176.1666667,0
2023-05-07T18:18:16+05:30,333,5,370,5,4,191,196,,,128.5,0
2023-05-07T18:18:32+05:30,334,0,607,0,0,291,276,,,195.6666667,0
2023-05-07T18:19:02+05:30,335,5,575,5,5,290,290,,,195,0
2023-05-07T18:19:28+05:30,336,0,602,0,5,301,301,,,201.5,0
2023-05-07T18:19:51+05:30,337,0,587,0,4,297,299,,,197.8333333,0
2023-05-07T18:20:07+05:30,338,0,0,0,0,0,0,,,0,0
2023-05-07T18:20:48+05:30,339,4,570,5,5,259,227,,,178.3333333,0
2023-05-07T18:21:57+05:30,340,0,618,0,0,309,309,,,206,0
2023-05-07T18:22:25+05:30,341,5,581,4,4,283,271,,,191.3333333,0
2023-05-07T18:23:01+05:30,342,0,614,0,4,312,315,,,207.5,0
2023-05-07T18:23:37+05:30,343,0,613,0,0,307,307,,,204.5,0
2023-05-07T18:24:04+05:30,344,0,629,0,0,315,315,,,209.8333333,0
2023-05-07T18:24:44+05:30,345,0,543,0,0,209,158,,,151.6666667,0
2023-05-07T18:25:32+05:30,346,0,613,0,0,310,314,,,206.1666667,0
2023-05-07T18:26:04+05:30,347,5,4,4,5,0,0,,,3,0
2023-05-07T18:26:32+05:30,348,0,0,0,4,0,0,,,0.666666667,0
2023-05-07T18:27:43+05:30,349,0,623,0,0,307,303,,,205.5,0
2023-05-07T18:28:11+05:30,350,5,394,4,5,278,291,,,162.8333333,0
2023-05-07T18:28:30+05:30,351,486,0,0,254,264,0,,,167.3333333,0
2023-05-07T18:28:58+05:30,352,489,466,0,245,486,240,,,321,0
2023-05-07T18:29:27+05:30,353,433,302,0,218,388,179,,,253.3333333,0
2023-05-07T18:29:42+05:30,354,562,474,0,281,519,240,,,346,0
2023-05-07T18:30:21+05:30,355,554,434,5,283,526,258,,,343.3333333,0
2023-05-07T18:31:33+05:30,356,525,0,0,259,253,0,,,172.8333333,0
2023-05-07T18:31:49+05:30,357,538,330,5,271,436,168,,,291.3333333,0
2023-05-07T18:32:09+05:30,358,595,613,0,297,600,300,,,400.8333333,0
2023-05-07T18:32:29+05:30,359,4,613,5,5,312,313,,,208.6666667,0
2023-05-07T18:32:55+05:30,360,576,546,4,291,586,294,,,382.8333333,0
2023-05-07T18:33:10+05:30,361,580,531,4,293,558,270,,,372.6666667,0
2023-05-07T18:33:29+05:30,362,579,563,5,291,564,276,,,379.6666667,0
2023-05-07T18:33:45+05:30,363,612,574,0,307,609,304,,,401,0
2023-05-07T18:34:01+05:30,364,492,0,0,238,205,4,,,156.5,0
2023-05-07T18:34:20+05:30,365,586,474,0,290,474,178,,,333.6666667,0
2023-05-07T18:34:35+05:30,366,581,503,5,292,567,281,,,371.5,0
2023-05-07T18:35:10+05:30,367,568,441,4,280,479,205,,,329.5,0
2023-05-07T18:35:49+05:30,368,529,267,0,265,401,141,,,267.1666667,0
2023-05-07T18:36:06+05:30,369,589,541,0,298,583,284,,,382.5,0
2023-05-07T18:36:41+05:30,370,587,526,5,293,524,202,,,356.1666667,0
2023-05-07T18:37:04+05:30,371,622,604,5,313,613,304,,,410.1666667,0
2023-05-07T18:37:23+05:30,372,618,602,4,312,611,304,,,408.5,0
2023-05-07T18:37:46+05:30,373,596,597,0,300,607,305,,,400.8333333,0
2023-05-07T18:38:25+05:30,374,514,389,0,257,452,194,,,301,0
2023-05-07T18:38:41+05:30,375,600,588,0,302,590,289,,,394.8333333,0
2023-05-07T18:39:17+05:30,376,0,0,0,0,0,0,,,0,0
2023-05-07T18:39:45+05:30,377,609,604,0,306,608,301,,,404.6666667,0
2023-05-07T18:40:03+05:30,378,618,576,4,311,597,291,,,399.5,0
2023-05-07T18:40:20+05:30,379,612,572,5,309,597,292,,,397.8333333,0
2023-05-07T18:40:36+05:30,380,612,567,0,306,592,286,,,393.8333333,0
2023-05-07T18:40:51+05:30,381,503,5,5,252,251,4,,,170,0
2023-05-07T18:41:18+05:30,382,579,388,5,289,376,29,,,277.6666667,0
2023-05-07T18:41:58+05:30,383,370,352,0,196,416,221,,,259.1666667,0
2023-05-07T18:43:05+05:30,384,619,607,5,313,619,307,,,411.6666667,0
2023-05-07T18:43:23+05:30,385,614,111,5,307,294,4,,,222.5,0
2023-05-07T18:43:41+05:30,386,325,4,5,192,361,178,,,177.5,0
2023-05-07T18:44:05+05:30,387,348,0,0,178,178,0,,,117.3333333,0
2023-05-07T18:44:21+05:30,388,623,610,0,311,619,307,,,411.6666667,0
2023-05-07T18:45:10+05:30,389,610,410,0,306,530,240,,,349.3333333,0
2023-05-07T18:45:57+05:30,390,630,612,6,317,611,285,,,410.1666667,0
2023-05-07T18:46:37+05:30,391,0,0,0,4,4,4,,,2,0
2023-05-07T18:47:33+05:30,392,604,608,0,303,611,308,,,405.6666667,0
2023-05-07T18:48:02+05:30,393,610,582,0,305,594,289,,,396.6666667,0
2023-05-07T18:49:11+05:30,394,630,613,5,317,623,307,,,415.8333333,0
2023-05-07T18:49:28+05:30,395,622,601,4,313,612,303,,,409.1666667,0
2023-05-07T18:49:51+05:30,396,0,0,0,1,0,0,,,0.166666667,0
2023-05-07T18:50:26+05:30,397,601,542,0,301,576,274,,,382.3333333,0
2023-05-07T18:51:20+05:30,398,504,468,0,251,468,206,,,316.1666667,0
2023-05-07T18:52:01+05:30,399,584,487,0,297,579,290,,,372.8333333,0
2023-05-07T18:52:18+05:30,400,620,583,0,311,610,301,,,404.1666667,0
2023-05-07T18:53:25+05:30,401,621,608,5,311,615,304,,,410.6666667,0
2023-05-07T18:53:40+05:30,402,532,304,4,271,446,179,,,289.3333333,0
2023-05-07T18:54:22+05:30,403,5,5,5,0,0,0,,,2.5,0
2023-05-07T18:54:42+05:30,404,596,522,561,587,580,574,,,570,1
2023-05-07T18:54:59+05:30,405,609,508,555,582,546,518,,,553,1
2023-05-07T18:55:19+05:30,406,536,176,1,266,337,86,,,233.6666667,0
2023-05-07T18:55:34+05:30,407,626,588,603,616,609,595,,,606.1666667,1
2023-05-07T18:55:50+05:30,408,600,588,567,590,607,590,,,590.3333333,1
2023-05-07T18:56:05+05:30,409,232,4,336,294,143,162,,,195.1666667,0
2023-05-07T18:56:42+05:30,410,441,279,422,396,324,327,,,364.8333333,0
2023-05-07T18:57:14+05:30,411,450,0,379,415,227,378,,,308.1666667,0
2023-05-07T18:57:34+05:30,412,494,0,0,255,278,0,,,171.1666667,0
2023-05-07T18:58:14+05:30,413,523,260,5,267,437,201,,,282.1666667,0
2023-05-07T18:58:58+05:30,414,591,570,0,299,600,299,,,393.1666667,0
2023-05-07T18:59:26+05:30,415,633,592,0,317,619,302,,,410.5,0
2023-05-07T18:59:50+05:30,416,469,111,5,237,234,0,,,176,0
2023-05-07T19:00:13+05:30,417,629,616,0,315,627,311,,,416.3333333,0
2023-05-07T19:00:29+05:30,418,629,612,0,314,622,307,,,414,0
2023-05-07T19:01:01+05:30,419,377,137,0,115,17,0,,,107.6666667,0
2023-05-07T19:01:17+05:30,420,618,629,0,309,625,317,,,416.3333333,0
2023-05-07T19:01:47+05:30,421,522,212,0,264,442,197,,,272.8333333,0
2023-05-07T19:02:47+05:30,422,618,623,0,309,620,315,,,414.1666667,0
2023-05-07T19:03:06+05:30,423,0,0,0,5,0,0,,,0.833333333,0
2023-05-07T19:03:27+05:30,424,0,0,0,0,0,0,,,0,0
2023-05-07T19:03:55+05:30,425,613,619,0,310,622,316,,,413.3333333,0
2023-05-07T19:04:16+05:30,426,606,624,0,307,626,319,,,413.6666667,0
2023-05-07T19:04:31+05:30,427,444,0,0,240,413,209,,,217.6666667,0
2023-05-07T19:04:58+05:30,428,636,625,5,318,628,306,,,419.6666667,0
2023-05-07T19:05:39+05:30,429,0,0,0,0,0,0,,,0,0
2023-05-07T19:05:58+05:30,430,416,78,0,216,403,180,,,215.5,0
2023-05-07T19:06:37+05:30,431,614,586,0,310,615,306,,,405.1666667,0
2023-05-07T19:07:41+05:30,432,0,0,0,0,0,0,,,0,0
2023-05-07T19:08:25+05:30,433,5,5,5,0,0,0,,,2.5,0
2023-05-07T19:11:13+05:30,434,618,605,0,309,608,300,,,406.6666667,0
2023-05-07T19:11:29+05:30,435,623,628,0,311,625,314,,,416.8333333,0
2023-05-07T19:12:21+05:30,436,632,619,0,316,626,310,,,417.1666667,0
2023-05-07T19:12:38+05:30,437,0,0,0,0,0,0,,,0,0
2023-05-07T19:13:21+05:30,438,53,6,5,84,291,193,,,105.3333333,0
2023-05-07T19:13:41+05:30,439,615,591,0,304,571,262,,,390.5,0
2023-05-07T19:14:29+05:30,440,377,0,0,203,254,80,,,152.3333333,0
2023-05-07T19:15:07+05:30,441,622,456,0,312,562,254,,,367.6666667,0
2023-05-07T19:15:59+05:30,442,606,582,0,298,468,164,,,353,0
2023-05-07T19:16:43+05:30,443,631,621,0,318,630,316,,,419.3333333,0
2023-05-07T19:17:15+05:30,444,0,0,0,0,0,0,,,0,0
2023-05-07T19:17:38+05:30,445,576,464,0,295,568,289,,,365.3333333,0
2023-05-07T19:18:01+05:30,446,595,508,0,301,586,289,,,379.8333333,0
2023-05-07T19:18:17+05:30,447,629,619,0,317,628,316,,,418.1666667,0
2023-05-07T19:19:01+05:30,448,629,601,0,315,623,309,,,412.8333333,0
2023-05-07T19:19:42+05:30,449,580,354,5,287,457,166,,,308.1666667,0
2023-05-07T19:19:58+05:30,450,438,320,5,228,394,164,,,258.1666667,0
2023-05-07T19:20:13+05:30,451,637,628,0,319,634,315,,,422.1666667,0
2023-05-07T19:20:45+05:30,452,0,0,0,0,0,0,,,0,0
2023-05-07T19:24:17+05:30,453,0,0,0,0,0,0,,,0,0
2023-05-07T19:24:36+05:30,454,0,0,0,0,0,0,,,0,0
2023-05-07T19:24:53+05:30,455,0,0,0,0,0,0,,,0,0
2023-05-07T19:25:35+05:30,456,566,217,442,504,394,329,,,408.6666667,0
2023-05-07T19:26:04+05:30,457,538,0,422,514,346,327,,,357.8333333,0
2023-05-07T19:26:21+05:30,458,606,234,518,574,453,446,,,471.8333333,0
2023-05-07T19:26:39+05:30,459,0,0,454,227,0,223,,,150.6666667,0
2023-05-07T19:26:58+05:30,460,544,455,559,563,514,543,,,529.6666667,1
2023-05-07T19:27:13+05:30,461,628,580,569,596,590,545,,,584.6666667,1
2023-05-07T19:27:50+05:30,462,0,0,0,0,0,0,,,0,0
2023-05-07T19:28:08+05:30,463,233,4,3,116,124,0,,,80,0
2023-05-07T19:28:49+05:30,464,591,286,308,493,506,453,,,439.5,0
2023-05-07T19:29:05+05:30,465,577,243,0,278,253,0,,,225.1666667,0
2023-05-07T19:29:24+05:30,466,613,413,532,591,556,562,,,544.5,1
2023-05-07T19:29:51+05:30,467,582,372,525,571,504,500,,,509,1
2023-05-07T19:30:15+05:30,468,639,596,609,622,615,584,,,610.8333333,1
2023-05-07T19:30:31+05:30,469,4,5,307,156,0,154,,,104.3333333,0
2023-05-07T19:30:52+05:30,470,436,148,402,419,293,273,,,328.5,0
2023-05-07T19:31:08+05:30,471,555,5,382,498,290,238,,,328,0
2023-05-07T19:31:24+05:30,472,597,540,0,300,585,288,,,385,0
2023-05-07T19:31:40+05:30,473,309,624,632,469,467,628,,,521.5,1
2023-05-07T19:31:59+05:30,474,628,0,611,621,315,305,,,413.3333333,0
2023-05-07T19:32:38+05:30,475,4,4,5,3,0,0,,,2.666666667,0
2023-05-07T19:33:06+05:30,476,633,0,608,620,316,304,,,413.5,0
2023-05-07T19:33:22+05:30,477,502,221,334,428,383,333,,,366.8333333,0
2023-05-07T19:33:52+05:30,478,593,397,581,591,502,499,,,527.1666667,1
2023-05-07T19:34:09+05:30,479,522,389,499,493,385,263,,,425.1666667,0
2023-05-07T19:34:37+05:30,480,621,568,628,625,593,596,,,605.1666667,1
2023-05-07T19:34:53+05:30,481,640,0,568,604,320,284,,,402.6666667,0
2023-05-07T19:35:10+05:30,482,628,417,630,628,473,405,,,530.1666667,1
2023-05-07T19:35:44+05:30,483,590,486,558,576,538,522,,,545,1
2023-05-07T19:36:19+05:30,484,0,0,0,0,0,0,,,0,0
2023-05-07T19:37:12+05:30,485,4,4,4,4,0,0,,,2.666666667,0
2023-05-07T19:37:29+05:30,486,0,0,356,180,4,181,,,120.1666667,0
2023-05-07T19:38:00+05:30,487,634,599,610,622,620,613,,,616.3333333,1
2023-05-07T19:38:18+05:30,488,629,583,623,625,606,591,,,609.5,1
2023-05-07T19:38:34+05:30,489,512,4,506,499,237,237,,,332.5,0
2023-05-07T19:38:52+05:30,490,622,323,625,619,478,474,,,523.5,1
2023-05-07T19:39:10+05:30,491,639,614,547,594,626,582,,,600.3333333,1
2023-05-07T19:39:29+05:30,492,637,628,500,568,631,558,,,587,1
2023-05-07T19:39:59+05:30,493,633,617,499,568,629,563,,,584.8333333,1
2023-05-07T19:40:14+05:30,494,630,551,581,600,577,509,,,574.6666667,1
2023-05-07T19:40:33+05:30,495,519,264,52,289,370,220,,,285.6666667,0
2023-05-07T19:41:01+05:30,496,522,187,359,451,373,321,,,368.8333333,0
2023-05-07T19:41:17+05:30,497,621,504,637,628,557,555,,,583.6666667,1
2023-05-07T19:41:53+05:30,498,640,0,524,585,437,413,,,433.1666667,0
2023-05-07T19:42:09+05:30,499,620,535,525,569,596,534,,,563.1666667,1
2023-05-07T19:43:38+05:30,500,0,0,0,4,4,4,,,2,0
2023-05-07T19:44:46+05:30,501,0,0,0,0,0,0,,,0,0
2023-05-07T19:45:22+05:30,502,0,0,0,4,4,4,,,2,0
2023-05-07T19:45:38+05:30,503,0,0,0,0,0,0,,,0,0
2023-05-07T19:48:07+05:30,504,4,4,5,0,0,0,,,2.166666667,0
2023-05-07T19:52:04+05:30,505,4,4,5,4,4,4,,,4.166666667,0
2023-05-07T19:52:58+05:30,506,0,0,0,0,0,0,,,0,0
2023-05-07T19:53:14+05:30,507,0,0,0,0,0,0,,,0,0
2023-05-07T19:54:14+05:30,508,0,0,0,0,0,0,,,0,0
2023-05-07T19:54:57+05:30,509,0,0,0,0,0,0,,,0,0
2023-05-07T19:58:31+05:30,510,0,0,0,2,0,0,,,0.333333333,0
2023-05-07T20:02:21+05:30,511,0,0,0,0,8,0,,,1.333333333,0
2023-05-07T20:02:37+05:30,512,0,0,0,0,0,0,,,0,0
2023-05-07T20:04:29+05:30,513,0,0,0,0,0,0,,,0,0
2023-05-07T20:05:41+05:30,514,0,0,0,0,8,8,,,2.666666667,0
2023-05-07T20:05:57+05:30,515,0,0,0,0,0,0,,,0,0
2023-05-07T20:07:39+05:30,516,0,0,0,0,0,0,,,0,0
2023-05-07T20:08:07+05:30,517,0,0,0,0,0,0,,,0,0
2023-05-07T20:09:15+05:30,518,0,0,0,0,0,0,,,0,0
2023-05-07T20:10:26+05:30,519,0,0,0,0,0,0,,,0,0
2023-05-07T20:12:10+05:30,520,0,0,0,0,0,0,,,0,0
2023-05-07T20:14:50+05:30,521,0,0,0,0,0,0,,,0,0
2023-05-07T20:15:33+05:30,522,0,0,0,0,0,0,,,0,0
2023-05-07T20:18:27+05:30,523,0,0,0,0,0,0,,,0,0
2023-05-07T20:20:06+05:30,524,0,0,0,0,0,0,,,0,0
2023-05-07T20:20:22+05:30,525,0,0,0,0,0,0,,,0,0
2023-05-07T20:20:58+05:30,526,0,0,0,0,0,0,,,0,0
2023-05-07T20:22:30+05:30,527,0,0,0,0,0,0,,,0,0
2023-05-07T20:23:43+05:30,528,0,1,0,0,0,0,,,0.166666667,0
2023-05-07T20:24:15+05:30,529,0,0,0,0,0,0,,,0,0
2023-05-07T20:27:23+05:30,530,0,0,0,0,0,0,,,0,0
2023-05-07T20:31:07+05:30,531,0,0,0,0,0,0,,,0,0
2023-05-07T20:32:02+05:30,532,0,0,0,0,0,0,,,0,0
2023-05-07T20:33:34+05:30,533,0,0,0,0,0,0,,,0,0
2023-05-07T20:34:14+05:30,534,0,0,0,0,0,0,,,0,0
2023-05-07T20:35:43+05:30,535,0,0,0,0,0,0,,,0,0
2023-05-07T20:38:51+05:30,536,0,1,0,0,0,0,,,0.166666667,0
2023-05-09T19:48:20+05:30,537,0,0,0,0,0,0,,,0,0
2023-05-09T19:49:07+05:30,538,8,8,9,0,0,0,,,4.166666667,0
2023-05-09T19:51:09+05:30,539,0,0,0,0,0,0,,,0,0
2023-05-09T19:51:28+05:30,540,9,8,9,9,0,0,,,5.833333333,0
2023-05-09T19:51:44+05:30,541,0,0,0,0,0,0,,,0,0
2023-05-09T19:55:45+05:30,542,0,0,0,0,0,0,,,0,0
2023-05-09T19:56:01+05:30,543,1,1,1,1,1,1,,,1,0
2023-05-09T19:56:17+05:30,544,0,1,1,1,1,1,,,0.833333333,0
2023-05-10T17:46:13+05:30,545,9,5,5,6,5,6,,,6,0
2023-05-10T17:49:48+05:30,546,0,387,367,166,182,288,,,231.6666667,0
2023-05-10T18:16:02+05:30,547,10,11,9,10,10,9,,,9.833333333,0
2023-05-10T18:16:18+05:30,548,9,9,9,10,0,0,,,6.166666667,0
2023-05-10T18:17:16+05:30,549,498,4,354,427,275,155,,,285.5,0
